,created_at,tweet_id,tweet_text,screen_name,name,account_creation_date,urls,latitude,longitude,texto
0,2022-02-13 23:39:38,1493006985947754498,las ganas que tengo de suicidarme superan absolutamente todo lo dem√°s,Soffmag_,Sofia,Tue Oct 05 07:01:15 +0000 2021,[],4.2620515010534845,-74.19859422093097,las ganas que tengo de suicidarme superan absolutamente todo lo dem√°s
1,2022-02-12 21:13:48,1492607896693190657,"Yo soy de la FJU CELAYA üá´üá∑ü•≥
Cuando llegue a la FJU  era depresiva yo manejaba el cuttin me juntaba con malas amista‚Ä¶ https://t.co/3b6O17sHa5",AlondraJazminSH,Alondra Jazm√≠n S√°nchez Hern√°ndez,Wed Nov 17 05:59:03 +0000 2021,"[{'url': 'https://t.co/3b6O17sHa5', 'expanded_url': 'https://twitter.com/i/web/status/1492607896693190657', 'display_url': 'twitter.com/i/web/status/1‚Ä¶', 'indices': [117, 140]}]",20.5223631,-100.83185580053419,"Yo soy de la FJU CELAYA üá´üá∑ü•≥
Cuando llegue a la FJU  era depresiva yo manejaba el cuttin me juntaba con malas amistades  era rebelde hasta al punto de llegar a suicidarme con pastillas cuando yo conoci la FJU TODO ESO SE ACABO  Ahora soy feliz y vale la pena vivir üá´üá∑ü§ó"
2,2022-02-13 23:46:02,1493008595977388039,"A mis 27 a√±os me siento pobre , cansado , sin tiempo , desgastado y con unas enormes ganas de acabar con mi vida ..‚Ä¶ https://t.co/jlJDovzb6E",kkmoo,camilo ariza,Thu Jul 08 19:29:41 +0000 2010,"[{'url': 'https://t.co/jlJDovzb6E', 'expanded_url': 'https://twitter.com/i/web/status/1493008595977388039', 'display_url': 'twitter.com/i/web/status/1‚Ä¶', 'indices': [117, 140]}]",4.681886000637075,-73.92436091625274,"A mis 27 a√±os me siento pobre , cansado , sin tiempo , desgastado y con unas enormes ganas de acabar con mi vida ... Simplemente una basura .."
3,2022-02-09 23:13:22,1491550822114680834,"Esta rinitis va a acabar con mi vida. A Dios no le pareci√≥ suficiente mandarme este mundo narizona, tambi√©n me la mand√≥ defectuosa.",ycvh_,Yuliannys.,Tue Jan 16 23:13:28 +0000 2018,[],4.2620515010534845,-74.19859422093097,"Esta rinitis va a acabar con mi vida. A Dios no le pareci√≥ suficiente mandarme este mundo narizona, tambi√©n me la mand√≥ defectuosa."
4,2022-02-09 16:09:12,1491444079145930756,Me acaban de hacer un v√≠deo de presentaci√≥n que va a acabar con mi vida.,mvm825,Magu ‚ú®,Wed Jan 09 00:21:49 +0000 2013,[],3.5754679953737,-76.34854201271844,Me acaban de hacer un v√≠deo de presentaci√≥n que va a acabar con mi vida.
5,2022-02-09 20:45:50,1491513693154295813,Ridiculo.. no le tienen Miedo a los Yankis jajaja Envidia!!! Por muertos de Hambres! Que sabes tu de calidad de vid‚Ä¶ https://t.co/YrY4Fzcvdb,CruzYude,yudecruz,Tue Aug 06 04:49:14 +0000 2013,"[{'url': 'https://t.co/YrY4Fzcvdb', 'expanded_url': 'https://twitter.com/i/web/status/1491513693154295813', 'display_url': 'twitter.com/i/web/status/1‚Ä¶', 'indices': [117, 140]}]",25.7823705,-80.26814871237771,"Ridiculo.. no le tienen Miedo a los Yankis jajaja Envidia!!! Por muertos de Hambres! Que sabes tu de calidad de vida, aun si has dado algun viajecito ni idea como se vive fuera d la isla carcel.. hasta en Burundi se vive mejor muerto de hambre!! #CubaEsUnaDictadura #PatriaYVida https://t.co/FV3c70HyoS"
6,2022-02-08 16:42:58,1491090186616324107,"@BernardoTobon No creo. Lo hicieron adrede. Tienen otro gallo  no tan tapao,  listo PARA saltar a la pelea. Agresivo, violento, mentiroso.",lilipiedadvalle,Lilia  Piedad Vallej,Thu Jan 10 13:37:22 +0000 2013,[],3.5754679953737,-76.34854201271844,"@BernardoTobon No creo. Lo hicieron adrede. Tienen otro gallo  no tan tapao,  listo PARA saltar a la pelea. Agresivo, violento, mentiroso."
7,2022-02-12 22:19:45,1492624494824984577,Embeces quisiera dormir para siempre,kidniec,Kidnie,Mon Apr 27 15:53:29 +0000 2020,[],20.9930625,-97.74805136651788,Embeces quisiera dormir para siempre
8,2022-02-14 20:57:42,1493328622509297679,Macaco deprimido,Xiomaraggarciaa,Xiomara‚ù§Ô∏è‚Äçüî•,Wed Sep 08 23:56:39 +0000 2021,[],25.6417035,-100.29030546754338,Macaco deprimido
9,2022-02-14 19:57:41,1493313518422134790,Estoy demasiado deprimido para subir memes... üòîüòîüòî https://t.co/eoGjggprQr,_CristianAj_,Cristian Aj,Sat Oct 08 00:14:46 +0000 2016,"[{'url': 'https://t.co/eoGjggprQr', 'expanded_url': 'https://twitter.com/JefeGorgoryMx/status/1493308385806233602', 'display_url': 'twitter.com/JefeGorgoryMx/‚Ä¶', 'indices': [50, 73]}]",15.7725367,-90.28701333512204,Estoy demasiado deprimido para subir memes... üòîüòîüòî https://t.co/eoGjggprQr
10,2022-02-13 17:02:51,1492907132366180354,Sabr√© que estoy listo para morir el d√≠a que olvide una canci√≥n que me guste,JuanSkulll,Juan Skull,Wed Apr 05 15:43:35 +0000 2017,[],4.56833999805513,-75.64595250433833,Sabr√© que estoy listo para morir el d√≠a que olvide una canci√≥n que me guste
11,2022-02-13 06:18:16,1492744915717136384,Estoy listo para morir üòµ‚Äçüí´üëäüèΩ https://t.co/uOB1YhJhav,gudi23s,CarlosGS,Wed Jan 29 04:30:29 +0000 2020,"[{'url': 'https://t.co/uOB1YhJhav', 'expanded_url': 'https://twitter.com/gastonreyno/status/1492558943494811655', 'display_url': 'twitter.com/gastonreyno/st‚Ä¶', 'indices': [29, 52]}]",29.422680999999997,-101.93453955508784,Estoy listo para morir üòµ‚Äçüí´üëäüèΩ https://t.co/uOB1YhJhav
12,2022-02-07 03:43:41,1490531685515018241,"Me siento listo para morir, nunca he estado m√°s tranquilo pensando que puede ocurrir cualquier d√≠a...

‚ú® y estar√© bien ‚ú®",dlacarlos98,MOTOJOTO üèç,Mon Mar 30 10:02:55 +0000 2020,[],-1.02870800108794,-80.81298310543106,"Me siento listo para morir, nunca he estado m√°s tranquilo pensando que puede ocurrir cualquier d√≠a...

‚ú® y estar√© bien ‚ú®"
13,2022-02-13 11:23:33,1492821743207165954,"Una vida no examinada no vale la pena vivir. 
 
S√≥crates",RomeroSaltaren,üëâüá®üá¥HenryRomero Saltarenüá®üá¥15k100üëà,Mon Nov 17 20:14:27 +0000 2014,[],10.97883604038485,-72.69857539224574,"Una vida no examinada no vale la pena vivir. 
 
S√≥crates"
14,2022-02-14 15:34:54,1493247386931666948,"S√≠, todos los d√≠as sabemos que estamos solos y vamos a morir solo, hoy es especial porque se recuerda con m√°s intensidad",Homubar,Tavocopy,Wed Jul 19 15:09:12 +0000 2017,[],19.284691449999997,-99.65261572390186,"S√≠, todos los d√≠as sabemos que estamos solos y vamos a morir solo, hoy es especial porque se recuerda con m√°s intensidad"
15,2022-02-12 19:30:32,1492581907095244802,"Tengo 6 millones de maneras de morir, solo 1 de vivir",Mamitobichy,Jesmar Le√≥n 8Ô∏è‚É£4Ô∏è‚É£,Sat Aug 13 22:47:02 +0000 2011,[],20.676676049999998,-103.33402112660934,"Tengo 6 millones de maneras de morir, solo 1 de vivir"
16,2022-02-12 02:52:41,1492330791912804352,@ClouthierManuel Tu pap√° se volveria a morir solo de saber que sus hijos creyeron en el kk's. M√©xico va a cambiar c‚Ä¶ https://t.co/EA5olpfWwL,SandraTorrealva,Sandra Torres,Tue Feb 15 00:12:11 +0000 2011,"[{'url': 'https://t.co/EA5olpfWwL', 'expanded_url': 'https://twitter.com/i/web/status/1492330791912804352', 'display_url': 'twitter.com/i/web/status/1‚Ä¶', 'indices': [117, 140]}]",19.43244875,-99.08823121632592,"@ClouthierManuel Tu pap√° se volveria a morir solo de saber que sus hijos creyeron en el kk's. M√©xico va a cambiar contigo, sin ti o a pessr de ti"
17,2022-02-14 11:57:40,1493192717119148035,"As√≠ que s√≠, tantas veces dese√© quitarme la vida, aunque solo una vez lo intent√© (como resultado de la relaci√≥n m√°s‚Ä¶ https://t.co/1BvoVYpjVN",rtoortiz,Roberto Torres,Sat Aug 15 21:24:44 +0000 2009,"[{'url': 'https://t.co/1BvoVYpjVN', 'expanded_url': 'https://twitter.com/i/web/status/1493192717119148035', 'display_url': 'twitter.com/i/web/status/1‚Ä¶', 'indices': [116, 139]}]",20.1056259,-98.79917176472054,"As√≠ que s√≠, tantas veces dese√© quitarme la vida, aunque solo una vez lo intent√© (como resultado de la relaci√≥n m√°s t√≥xica en mi vida). Y sigo luchando contra la discriminaci√≥n y el rechazo, ahora en los √°mbitos laborales, dentro de la comunidad #LGBT y en la sociedad en general."
18,2022-02-13 19:25:49,1492943108719456261,Creo que no he valorado una mierda la segunda oportunidad que me d√≠ desde que intente quitarme la vida y casi lo logro,sofiaestupinan2,-S üíú,Tue Mar 27 22:38:57 +0000 2012,[],4.2620515010534845,-74.19859422093097,Creo que no he valorado una mierda la segunda oportunidad que me d√≠ desde que intente quitarme la vida y casi lo logro
19,2022-02-09 21:25:56,1491523788021846019,Bruxismo. Ansiedad. Depresi√≥n. Burnout. Ideaci√≥n suicida. Disociaci√≥n. En este pinche espacio se da todo menos salu‚Ä¶ https://t.co/HUxaKImeI8,MonoDJaD,"Avid, Conde de Dinamarca",Tue Feb 13 04:23:31 +0000 2018,"[{'url': 'https://t.co/HUxaKImeI8', 'expanded_url': 'https://twitter.com/i/web/status/1491523788021846019', 'display_url': 'twitter.com/i/web/status/1‚Ä¶', 'indices': [117, 140]}]",25.6417035,-100.29030546754338,"Bruxismo. Ansiedad. Depresi√≥n. Burnout. Ideaci√≥n suicida. Disociaci√≥n. En este pinche espacio se da todo menos salud. 

Iron√≠as de jalar en un hospital."
20,2022-02-06 23:58:21,1490474981628678144,Hace poco pensaba que ya  no ten√≠a mas nada que hacer en √©ste mundo (no en plan suicida ni mucho menos) solo pensab‚Ä¶ https://t.co/PPvwjGz2z2,Chechi_boom,Cecilia Beltr√°n,Sat Sep 03 00:31:40 +0000 2011,"[{'url': 'https://t.co/PPvwjGz2z2', 'expanded_url': 'https://twitter.com/i/web/status/1490474981628678144', 'display_url': 'twitter.com/i/web/status/1‚Ä¶', 'indices': [117, 140]}]",25.927718249999998,-109.20063395668907,"Hace poco pensaba que ya  no ten√≠a mas nada que hacer en √©ste mundo (no en plan suicida ni mucho menos) solo pensaba que ya no pod√≠a pedirle mas a la vida, pero luego la vida misma me hizo cambiar de opini√≥n, me resetearon."
21,2022-02-10 21:07:15,1491881472646696963,Antes el peor trabajo para vivir era vigilante solo necesitabas a lo mucho primaria y los primeros en morir ahora c‚Ä¶ https://t.co/pwEV18aVNX,Miguel30031997,Miguel Angel G√≥mez,Mon May 21 01:44:58 +0000 2018,"[{'url': 'https://t.co/pwEV18aVNX', 'expanded_url': 'https://twitter.com/i/web/status/1491881472646696963', 'display_url': 'twitter.com/i/web/status/1‚Ä¶', 'indices': [117, 140]}]",13.7346109997787,-89.22653874731388,Antes el peor trabajo para vivir era vigilante solo necesitabas a lo mucho primaria y los primeros en morir ahora creo que es el periodismo sos servil mediocre y corrupto mejor y te dan trabajo hasta te dan el pisto de la embajada de USA y si sos viol√≠n como los del faroas pisto
22,2022-02-07 16:31:26,1490724897726898178,"#Duarte fue afortunado por ser admirado y respetado por el pueblo. Esa admiraci√≥n jamas deber√° morir, ahora la debe‚Ä¶ https://t.co/zNkQ6ONxLp",leonorasilis,Leonor Asilis,Sat Apr 25 19:56:35 +0000 2009,"[{'url': 'https://t.co/zNkQ6ONxLp', 'expanded_url': 'https://twitter.com/i/web/status/1490724897726898178', 'display_url': 'twitter.com/i/web/status/1‚Ä¶', 'indices': [117, 140]}]",18.4857373156989,-69.91397333861896,"#Duarte fue afortunado por ser admirado y respetado por el pueblo. Esa admiraci√≥n jamas deber√° morir, ahora la debemos resucitar mas que nunca! mes de la #Patria #RepublicaDominicana https://t.co/EegbDILVE6"
